,Product Name:,Price: ,Shipping:,URL: ,Total Cost:
0,Men's Summer Sports Training Bodybuilding Shorts Workout Fitness Gym Short Pants,13.99,0,https://www.ebay.com/itm/284042728462?_trkparms=ispr%3D1&hash=item422244140e:g:fUgAAOSwt8NfhBZP&amdata=enc%3AAQAGAAACkPYe5NmHp%252B2JMhMi7yxGiTJkPrKr5t53CooMSQt2orsSwcmzw5CLtzTE60FqHcnq2OuJRsFARiL1VMRApp1wHj63LO2SwfUbedDKqpQErLOb21%252F8J7QZJOlZaSzD1RTSiKMeovL39dTjGp%252F%252B7RpUTqpa2JLOGXDvZAIPZQ1DlGH94qUtUpwq9R1jP91MvCBzLIk%252F3lpxkLIDijFcjvQivHcmISc%252Bmxnk4thIztKovxCzOuVSWwpIlPmsNHHEwLVso073tMDEzuSqLGVbz5h3hFI%252FvIDRD%252B4oRq52qYjwTUf2ZOUHsZ1qdB4s6ZwoInmknfTMR8T4q4X4PxeLOyQ91QOlyrqZUkrnH734RFzjAMuv7iBH5eI%252FcuOjUhmGxVAJCyRgwoovgzZ8WOmNYexidesYjg9kdGQ3f8V8MO9UARwEMxljqt6wNWZpkwRWy0QcDjuMVnEItVTK14jc3Mklv4rRKtmjjlieDSWf4LJY2kElD5Iiy3VcUhlnsvsxnRvZONbPjoK0Ksh%252FklPonpMdGeKVyPxyQ0AT%252FtNzUw%252F1H%252BRw%252FZAOzpcRthabsvyDp%252BOqhT%252F9kRuhGGulWo%252BXuQ9BaY7qMv3Lhru%252BTYJ6%252FDjLxeVTvDnBhI18s6YzH9Qu%252B0yU4w1I9%252BwzaqFGt1W7UeGL1Z7l69prpli%252B%252BnySbyNcONjdedDofzcp4hhstNNipl4wHmNG%252B4Fi6V%252FicivkjWrx%252B5Xd%252B5qBGAkb6dR2AMpIfoVWWM5e2%252BZkMxUcIvUFKmXLAUal5s2IPiz3FRP96PzEaf4XenC4mIGCVRj4Xj%252FZ9%252FPgVLBvBSWDCNnEaGgRGXfPZNSh62JalL%252Fzr0ZJRdv%252BnQqAMfMrQrPdiwkwwfXXkCO5%7Campid%3APL_CLK%7Cclp%3A2334524,13.99
1,2 x French Army F2 Training Shorts Running PT Summer Sports Jogging Shorts Gym,11.17,14.5,https://www.ebay.com/itm/162547717456?hash=item25d8995550:g:gcAAAOSwHLNZOsC2,25.67
2,Mens Sports Training Bodybuilding Shorts Workout Fitness Running GYM Short Pants,13.71,0,https://www.ebay.com/itm/284286923112?_trkparms=ispr%3D1&hash=item4230d23168:g:C1oAAOSw6yVg5QK7&amdata=enc%3AAQAGAAACkPYe5NmHp%252B2JMhMi7yxGiTJkPrKr5t53CooMSQt2orsSwcmzw5CLtzTE60FqHcnq2MuhLwzNW1jkDJV%252Fg0EggBt8eCUk9Lp4KOCT51ImJTJ%252F%252F%252F7s2e1SMPUvmVCFsxW1vpu%252FwaOWMg7voQAv6RhDEf9ckTreteBAygwbTiBgMuuDVUBsQsQ5MCkT9LF9L3bLEt1aJV7mCK2khNEeo5leg1ZEzOaAgP71ZYj0DQKEcBV%252BaNmWDefNIyCqDJxMw4yBrkKTGCu1%252BOZDrReb0vsLyd%252BHmUXdWpJF%252BMjeWTga3xIP4lrX1tQXPnw6KRH6ijEMpJFyJq%252BClTNukt6a%252F1pDZx%252FrhbcjcEHGg26onr2JvWfDKf%252FJpELhidMThRVAeRZ4mAsYtOEf8d2jlRN%252BtjU2nrQ3AyCIk3wg%252BMurkLQfeVyoz%252FypT%252BhqDwTWo5d7gRLutJ5vNolAjNfzWIJa1EkuJjVoo6WCHgSAJEqWKa1z7jj12t3d3U2bpJUghdVPTdf1B%252BWfrQBgH0RDjWpJZUJ%252Fn8Toy1UDHESQjqUlldxHkgmR9%252F2kAkFHcNsGEmzSIPHHHNLGn4mK7BpxsqTROBCqbMYR1lV1dB4aqQodcjAaZHD4OoXFgcObrV7TXiZdJMX6fmPa97g%252BC%252F1jgg%252B2%252BdrV2%252B2WX4yGm2Ps84Oh1UnO86%252B11LutNrYiFY3iYMv8K4mnct68kquji7F5tcX9sikW%252FMHl6Vz%252BWypz1xG93Zjo0RGMcsEkSPgNueYG3nPTENmoUXtTRSGvPfqNfznV7%252FqVizwvAzYFJdyHPFLD85eS90%252BErSwpK%252ByWlwd36oY0e9Awe45zXVZxYZUygvR%252FBuu5YDYHtRGNTdP7B02NcDbv%252FfGl%7Campid%3APL_CLK%7Cclp%3A2334524,13.71
3,Adidas Essentials Chelsea Mens Shorts 3 Stripes Climalite Sports Gym Running,23.74,14.7,https://www.ebay.com/itm/153923226410?_trkparms=ispr%3D1&hash=item23d68a0b2a:g:WJgAAOSw1VRetIjT&amdata=enc%3AAQAGAAACkPYe5NmHp%252B2JMhMi7yxGiTJkPrKr5t53CooMSQt2orsStEKTPzZMfQmny3knR97t0C5u7k%252FseGrZ6CysnBoeqq1H2USSeTnKjMk2ugNxyoAlN8y8OIcWXdNDfVnYWKGviAvFm9baz3EvqtJnok%252F3xPoMAd5gL%252BgD0eghQ3fhjwDnZ5BS5CXo%252F8AQs4%252BryjZlE2B2VKVd%252B3fg4aCPXWH4RQSiy9CgdinDebhLqJrNy70n3N4sEmWuYZRFHFbYA3plaXa3rXJoVfi31htDWwH3cg9GjM6R3Wl3CwByVVo2bImPIE5tjnZdTMSWW9dDqa6GQ0IPvL65F3M5P9J3v9w1MOVXvJPVP9OiEO6CErPfGrys3sQGXpbkGAtsFDAUkuTLEmIBVa9iZSfnIzgPPmUmdKz5Wx4eM461uoCPeDB4dUNtNW7xy6TkofptLSyLpKoNaTxKgqU3rtacRxBQbrmpfBp2arj8eve5F9KnVHMaqtAIJOi%252FQZ%252BUMcT3NnTvYjJHitjRXbZcEkq0aclFrLJK0imlRaHJUE6Nj9Q0Rb9hP%252BQMPjgGRuW%252FMvv2lUCkoVeivKm%252BOrBc8CBiuLkMg513Xzy2NhKC3wR%252Br3h2dgZ8YI1f8SwKur8uqyZllLrYLh%252F1qZs2CgoDesltRwe922kpJYNhCCqcp%252Fmud5XQsn6Jz0xfMq4wx3ELt%252B4zWJD5HcCt3N%252Bw%252F6DOsJslz%252FP7qh2Qu9QMORuUZVqalUiB46Fb2rB%252Bibm3sl6mjDmnaDzdHSPQ39KoSuJQX5SIT%252Bv2VGjI1pt8k8skXFvtC69%252F5uFG1txZTD3zJiujgyqKNPO%252FfojihvaEIhxOjDrtFvpMVaKMHFxTD6TKYIipTdXGfvIkt9aL%7Campid%3APL_CLK%7Cclp%3A2334524,38.44
4,Abtel Mens Sports Training Bodybuilding Shorts Workout Fitness Running GYM Pants,12.87,0,https://www.ebay.com/itm/284319306571?_trkparms=ispr%3D1&hash=item4232c0534b:g:hBcAAOSwZkhg4o98&amdata=enc%3AAQAGAAACkPYe5NmHp%252B2JMhMi7yxGiTJkPrKr5t53CooMSQt2orsSwcmzw5CLtzTE60FqHcnq2PoEfQje9aVSMLrmlpOloyZuHxflMtp2B7kxuh845O9m1nXZfyHOiB5T2zU0vnV3iwlo6pGN1Oc0cFJnJLZRNyh0RAND7GcY8Z9Awqnfw57q%252BVV8b6762bmTVZe71pYrAMepnxnlY7mbfZmcUpB%252FCXFQZ7%252BOiv%252FWqWOi%252FlBCrowLy%252BUqqiyNTxsSSp76wAuXcFA%252BvpTYTnbj7ryWFjkv372uaEdeonC0M2%252F%252F5ZwJwJC8VT8QmnoxxX69ABB46J8XuoYEmybNoz4Kf3NfWbA2DBQA6DfyerYYuwU7lQESqBy4DYT8dhfwBL3I8lGA2%252B%252FoNlHu2lWVbdz0UwEXiQbMJ%252FrM11Tow3X5w5dfKcHjfTaEJc9tDl%252FmiE0fOdYuwHoWNAn7PZZ5RSaSd4OtL2i4sipXgn68Jby967afwIPDoFAa7SAk%252BV1yr5M0rhl4brzfCm%252BW3F9LkLhE01w%252F4oQ23kArX89UAOEgrI9%252BXM%252BOW%252BzgBEN0PjGgWIYexgSsVleBlzSkUaDzF2dsBcI5yKO%252BJlT7F3Yok4yTHJsHSAHWMSNnRbi%252BFCHvHBHTmjKA3o962mnhE9QPXVEeCSOV9fBovJ6O0s6GgqpSLxUAf3q1xocvds0%252FVK6aoh8oX%252BRmydNEdUzaPZomJWurydCluLynpq98RK%252BP%252FqDlX23KSpGoldvpb8Yllnwg462wptrf%252BqJPtERdoX1AnG1hwP%252B9veKUT3HWKWe8ZX1xZK2L2%252Biy%252BWW4CDdesA4oPcn2YTdMDi5hbPR%252FkjQKAfVPa5ST3meQtDAw98sN3TMAT5wB5Dt%252BI6b6%7Campid%3APL_CLK%7Cclp%3A2334524,12.87
5,New 2020 Men GYM Summer Jogging Sports training Shorts Fitness Quick Running Boy,10.98,3.99,https://www.ebay.com/itm/333655258159?hash=item4daf67342f:g:Z5kAAOSwfPxfDuO-,14.97
6,adidas Men's Training Aeroready Designed 2 Move Woven Sport Shorts,14.30,0,https://www.ebay.com/itm/353536730027?hash=item52506e63ab:g:9VAAAOSwyQZgyG5k,14.3
7,Summer Running Shorts Men 2 in 1 Sports Jogging Fitness Gym Quick Dry Training,16.14,0,https://www.ebay.com/itm/284356951428?hash=item4234febd84:g:WXMAAOSwynZg3ugC,16.14
8,LLX Mens Shorts Bermuda Cargo Combat Bottoms Zip Fly Elasticated Summer Cotton,10.72,14.5,https://www.ebay.com/itm/174828470339?hash=item28b496c043:g:xE4AAOSwcoNg44wA,25.22
9,adidas LOUNGEWEAR Must Haves Badge of Sport Shorts Men's,35.00,0,https://www.ebay.com/itm/154487368099?hash=item23f82a29a3:g:aUwAAOSwcyFhAGyQ,35.0
10,Men's Fitness Gym Sports Training Pants Workout Running Compression liner Shorts,14.99,0,https://www.ebay.com/itm/313620510545?hash=item49053d3751:g:yDsAAOSwcQ9hAtMV,14.99
11,Men's Fitness Gym Sports Training Pants Workout Running Compression liner Shorts,16.99,0,https://www.ebay.com/itm/363485760442?hash=item54a1708bba:g:bgYAAOSwFq9hAtMX,16.99
12,Vintage Columbia Sportswear Shorts BELTED Beige Black Plaid SEERSUCKER Mens M,49.99,0,https://www.ebay.com/itm/124829802883?hash=item1d106fa183:g:KKwAAOSwUudhAhkk,49.99
13,"VTG OP Sport Beige Brown Corduroy Cords Shorts 38 Longrider Dogtown Skate 8""",60.00,0,https://www.ebay.com/itm/174864563072?_trkparms=ispr%3D1&hash=item28b6bd7b80:g:W04AAOSwP0phAz6G&amdata=enc%3AAQAGAAACkPYe5NmHp%252B2JMhMi7yxGiTJkPrKr5t53CooMSQt2orsSDAeS9EQtjPGVfKXTxF0%252Bjk%252B3j%252FvMRsnyLIm91XqBXwVj5RnOwqSyeqaSkWkHCgnkLwo9xMrKmnr5DjOFRCKiFa5zKWn38IhtQvW7mpGLPwGDVKX3tPh4BxBzSkW%252FOlZjRqjUMxLAtMoaZs%252BaMb1AoDSD7IkjnJpXPFUMTto2C69XeLGhpSNyqv5EKUXDhVgd%252Fr3XyX1%252B3k%252BmwVB2GAUIHBnqTLLSgd%252Bt8dWeLtcjPfFVb66NWU2qWI4csFddiQy3QK2K5we5h8ry%252F4VIn2fpTYokh2%252BCo0RwORKXKq%252BKQ576JUDACFQNHoJud0o5f7KvvV940F3CLb4%252B589I9hEJ5BJdz9UKfZzGQhIrkLevg%252FjDa6S5UZQmkxTgyAR3113z5Zk80IUxOWM0vj9PfiIfLgRf4soTnY9xEPv5dknYXB21X6eKn%252Fnjf2kL3kiJ8kq8u1YHLDlGHKCL%252Bgeeb6gGexstNgnkXu9bvuf58EP2tdiV4K7h4HA%252BPWvpf8Viqv%252F8mq0sGpniUxzE6EMHHMAS9ACQohQ4GOkPFxBCpLyYUxHfSdeAyNl111q7uW%252BmihOiKH7B%252Bj0CxpK0GW9y%252F0EZT%252FIhLcBcPFywFmQgkvZpXu2jmZEKnfqJ%252F76Gh3QlPI96TnZri6cDi5fwfLVpjnOdUywqrVtX%252FPj%252FiszT%252BFkajAUDufAMVT7TmDyEc2z5ests%252FWAY8a3mcg8AWyTe1drBNJrx2XjxZxEvHov49mo2YeXybLBhNopxrwek7%252BVepL0%252BifUyYc0Xgl7VSmcukpQh%252B%252BYBWxIm%252FmUnMNIORD2IKgqgfZeLyfEMkzECa1sm4A59%7Campid%3APL_CLK%7Cclp%3A2334524,60.0
14,Men's Summer Breath Shorts Gym Workout Fitness Active Running Mesh Sports Shorts,17.99,0.50,https://www.ebay.com/itm/114302843344?_trkparms=ispr%3D1&hash=item1a9cfaf9d0:g:aY8AAOSwjE1e4IDm&amdata=enc%3AAQAGAAACkPYe5NmHp%252B2JMhMi7yxGiTJkPrKr5t53CooMSQt2orsSR84A%252FGMxXIqJzFmDq6lDLoMo710VJGwBoZFZik2kxp%252FH0j6bThX72kmmOc1tZMJGbVW%252FuGyQjdoZ2B42vQW%252F5KZEYRinxQyYNtU%252BVkB%252Fyfswe%252BVKmnD9CAzjVXHpAj8nyp3Z5lP3S34KJvYYamcMD7i4gr6RvyCdAK360A9eWY%252Bb%252BYi1da6cgqYnqSLrwo0%252Btnm83T9kqdpZb9%252B7P5%252F14V6EwHPEm69r%252FcLfTOAJDonYuPlHqRzhN40Whcxn5DFt0TLh3LS2jFSO%252FzwSsizZ4k4DnCR3k%252BprLciT3wj5bqjNPe5cxYsokhf%252B%252FGzR5K7jxKaHpvU5O033MvCCZAWKC0X%252FfxQVePROe%252FowmMVB%252FXm6lN766vmwA22jbiIMFx7F6HSXzHKLqNIM9J1Ie%252FOpMlEaOZnmtn2rVAbajXBk9icWbH0ZhKIkbjRcEV%252FvoY%252FKOAA6t0Lm%252FeKwXAwWfASUWwH1MBU7Gqtmk5Em6SQneNX%252BzQdwDUuhGr2OUhNHgcgcQ6mBRtzILvQ2MPpc0NyiMKwDICBIZRCmQLZun8r%252Bt6vxb4kBoM65OSiBzdBYmdPeF7%252FjI%252FTAZSZiekL6w32o3wSWCeVDiaHwop7nS7Hj39zUUOR1BRYH%252BCSB2f4Wm%252BCwGRPUailvY7fwH2arRIbymic%252BcCP3RP9j6FBlC91ehj2lc97VvYSDUiVfcxlha%252FmcvRrsS3y2qRIfYcuv1tJZ4XXeiVx5gWzMWoIM2d8cMHlibmgSciiTMezqsh5FjFyK8IuCwfNupAd3yVR7Hp0vTrENpk5E3BbDcwhdksRA2c3%252FzzQH5YNHPFlJBh6T3edG%7Campid%3APL_CLK%7Cclp%3A2334524,18.49
15,Billabong Submersible Shorts Menâ€™s Size 38 Light Green,22.00,0,https://www.ebay.com/itm/393473775898?_trkparms=ispr%3D1&hash=item5b9cdd591a:g:Ha0AAOSwnixg~bhG&amdata=enc%3AAQAGAAACkPYe5NmHp%252B2JMhMi7yxGiTJkPrKr5t53CooMSQt2orsSU8qUIAeVPdz29zRlje3Lg7YfXgl2xY58i9%252FEZKQ%252F2bcZ2fkYcpBaYk7XDS6tvh277eHqbhqRuR4MIGKjnsBZQHnNkQPLFt80T%252FWidsvN9yMHnIhsiIVfeprlv2l1z7aqWhN%252B7lc6IJPzoRER7%252Fl4HtIjBPOcwtbIN9YlTaI5kqflIOFVCw%252FGQcUDQrhDWckrVhs72vQmpRdvcwc3oW0xmXt45XyJXXCKAN5CfAn1jCSWxkygTRmoHHBlWIZNOk1msGAd%252Bmw4a%252BykPyaNfSJr3BDoIa4gvwW92IZGEz6jtPxbhCVKTKK9RxVqGtiscEwECBfbE9o%252BAMdSDY7TkGpKoIvap65paoU0wOw%252B7uhi7UxLXU6%252FWrySVPzi1Q3ZUs2EcxGSmqshKFU8H6sNtg8%252BS826gZpTUv%252FwD0t3gWdTxNnqtUTZZMk17f%252Fe%252FZlKFGsCBw1bbZBVlojMDSwaNSnS9SO7YmZBMeYbmOuxFfJQekVQOstGApofcyVt5fP3cX7y%252FZbAKjYLLRHfk%252BDKffeGe1lUBIFnSMe6GWPqgBUvQ%252FTJ6OxHnfMkPei%252BziBaoslCjnlVRA7tnmExng3dO4fyMkJQmXb%252ByQD3Ct%252BggnXo1n82P4pyDoxlzmBXhQMxUNs%252BTDftmDJ7g%252BjaO3eq38j4pyC8wdPwj%252BturdzqVjGSH4GagRzkxLE056Keg177fmlhvtvGkN0pDsma6ShzqCdpwaXkvDUBLF0uAy7rLtHcYF8r1%252FNb1DgwaC2NVw1K8HVYm0tliMzrhMgwWv5dZYDju7361XBHv%252FZRRW7ryJ9VQ3d4BcGUs3apLAXrMZ7%252FlrY9%7Campid%3APL_CLK%7Cclp%3A2334524,22.0
16,Pure Natural Latex 100% Rubber Men Sports Underwear Tight Shorts Size S-XXL,12.57,15.9,https://www.ebay.com/itm/303914696271?_trkparms=ispr%3D1&hash=item46c2ba3e4f:g:8N4AAOSwMyVcwAyT&amdata=enc%3AAQAGAAACkPYe5NmHp%252B2JMhMi7yxGiTJkPrKr5t53CooMSQt2orsSzaVbXtmGxqmWnpn8RLN2q1HWZ4uWOIg7BT0yHflCsWIja%252FU6O1pJzWpPQtZoldL6n076RMFpGKMpTdsxWPm7ydQmf9%252Bj941KsVfYkVl56Fd5%252FMCrCGdoWdyu8OKYdfvJD5m4Htk3E17wCfR6aoGugyafU%252FwyMxb4vHT4XfpdDSIj%252BXasHjwbvBf4kjqX9l23bbXiCdX41YDCyTB7Lgig0gdYfVRmNEOdfTzT0pO0%252BIEQyQBsUCA0Gu6uj%252FAkMoYj%252FqL4ejO%252FUwxBP5luHFxp0RTCVJZDPWHKctdQsV4PSsvdKcFhWhm550fMwA9Hgj7UwRZ%252BCoznljbF52LHIZsE23puE5w143KaKSu1JLDGd%252Bo9wwUdZ7tNH2y9m6s6X0V9EyKANVC0aTG5zIkohiTV8036gqWtG9ZzPRWiPu5YyQ7bULjRBWC%252FpQAN0hVkdy0LkpgzNj4EjWwXMZD%252BDq05fNTi7QQlYdVZjc0z13c5NrSILText6QZwbMa5JGTHasJSSGmEEr3Tmla18xvLp1y43mUcc3jFXvd%252FKO0Bmqj4qYfa7ouZOqZRpvpMgbIuXee1az8wodZDsU6x7w4L2zT778VAjQCNj0UjpTKyjf6KxJ5Hht4H9%252F3yVlsf16GGcDO6KfrMQJ9XaPJTLvllTv52Ji1Kzz0YV438L%252Fdegf7zg8hyMOQACJKi6jySiTR3J4ZFCUGELbMCLyJmkRanHzB%252BPeaUZC%252F%252B7RTNUpLrx7O8nUhrcyjuCQnCq7rflUYPt6X5RNg2GnTjnGyw%252FsDQj31T52X98l2rZDhgtDT94sf1ElKYAij0bx6YUUiGE980P1g%7Campid%3APL_CLK%7Cclp%3A2334524,28.47
17,Men's Beach Shorts Quick-Dry Swim Trunks Sports Training Casual Vacation  XL-5XL,13.19,0,https://www.ebay.com/itm/265246750061?hash=item3dc1f0356d:g:OoMAAOSwhGphAycs,13.19
18,Men Casual Mesh Shorts Basketball Sports Active Gym Fitness Pants Workout Summer,10.99,0,https://www.ebay.com/itm/174859563036?_trkparms=ispr%3D1&hash=item28b671301c:g:Rw8AAOSw9Ohg47S7&amdata=enc%3AAQAGAAACkPYe5NmHp%252B2JMhMi7yxGiTJkPrKr5t53CooMSQt2orsSDAeS9EQtjPGVfKXTxF0%252BjlF2UUS9c2BJVnhLLj88BVPw1mqRLGWD%252BoMdH77lws1fx3RVGb4ja6ZAQqQPrWwfPJctL8qokyLRMbqdB6F9T8J%252FcWTZDa67PSzI3TAijs7HfEdHO1qnCtx10%252F6Q%252FyrmhEZ1ZZsAV%252FiRRquCIk3J4FchrtG20FE9qSGsCx%252Bl8LHf5NvarL1ig4pnLTIXU53V4YyywwfuT9mhK2Evc2d3Z6PYDamF%252BPoKNQ5Rx38gZ%252BdJ1T908bONj%252BzHS68ytPrEH%252BZrk6XonYHpVVxRZE4f07yDcws9CyzH1y6%252Fr8N98uODJarftSQLlWELqfCexVH9ctq1JWxnZaws3gvHITEfOKAYydxBHJRuFGPkXAlGkTvogJz0i6Cas7qDJ7todsZhZHWQdxpmGkaFkOOCpThnGQ3gGdgUZQA1c5mF0vURZo7BxwFBeYJ84F5m0qS%252FxsimRd6qFdv%252BU8%252FbkOycTknUcbannPNEqii7icx4cZxpoE2fzjz39O9I4Reah7KnHBYPD%252B%252FB1A0%252Byzsr18aW3irId9u2T%252Ft9Nad1RTC%252BRbJaHAoHSbk3lw%252FJQG8yAhMgNJjxlVIxXTrab3anC7%252BEcC45LMeO861ZQh9H%252BWSp4NshpmR%252Bs3b8SeXgyrLJDROO%252BIiJZtpjI%252FGEHdpocn6lwCj6heGzaZLqnxzExDm%252BWblxJy77qB3SuSSLw0N5qzYrIOr2lX6hkT9TTrT%252F3VHHVbDuapsG2y02ogt6V9jHmgE59IEKvzZqQyQyu31ljMyphQGJNQr4VvxR9GINmCUcB56bA0%252F5wJfW0lCJgFhuH1%252B%252F6U7O%7Campid%3APL_CLK%7Cclp%3A2334524,10.99
19,"Peter Millar Crown Sport golf shorts, size 40, Khaki",20.00,0,https://www.ebay.com/itm/114910959965?hash=item1ac13a195d:g:UYwAAOSw2FphAeJV,20.0
20,Peter Millar Mens Crown Sport Golf Shorts White Size 32 Style MC0EB82 Active,26.00,0,https://www.ebay.com/itm/304086034643?hash=item46ccf0a8d3:g:aiUAAOSwLLJhAzPn,26.0
21,Hurley Men's Exist Poly/Spandex Lightweight Sport Shorts Black Size XL,32.00,0,https://www.ebay.com/itm/353581832200?epid=22046892469&hash=item52531e9808:g:mEYAAOSwW1pg9kV7,32.0
22,NIKE FIT DRY Men's XX LARGE Stretchy Grey Sports Shorts 40087-ES,1.38,9.75,https://www.ebay.com/itm/353575505792?hash=item5252be0f80:g:2uMAAOSwFoJg7-Kh,11.129999999999999
23,Men's 3/4 Capri Sport Cargo Shorts Gym Fitness Joggers Running Yoga Casual Pants,19.99,0.50,https://www.ebay.com/itm/383347863971?hash=item59415031a3:g:FpQAAOSwpDJg1UQ2,20.49
24,Men's Casual Shorts 3/4 Joggers Capri Pants Gym Workout Running Sweat Shorts ,21.99,0.50,https://www.ebay.com/itm/382895603251?hash=item59265b3e33:g:X7sAAOSwErlgwH9t,22.49
25,Men's 3/4 Below Knee Quick Dry Capri Hiking Shorts Waterproof Casual Work Shorts,22.99,0.50,https://www.ebay.com/itm/383562901891?hash=item594e216983:g:OMMAAOSw0xhhA3YM,23.49
26,Men's 3/4 Capri Shorts Mesh Quick Drying Gym Workout Running Sport Casual Pants,15.99,0.50,https://www.ebay.com/itm/383532114907?hash=item594c4ba3db:g:LRMAAOSwVPRhA3n9,16.490000000000002
27,Men's 3/4 Below Knee Capri Pants Quick Dry Lightweight Hiking Cargo Work Shorts ,22.99,0.50,https://www.ebay.com/itm/384169085704?hash=item5972430b08:g:Et8AAOSwmdtg1Uag,23.49
28,Tactical Men's Outdoor Cargo Hiking Shorts Quick Dry Nylon Pants Casual Shorts,22.99,0.50,https://www.ebay.com/itm/383936180308?hash=item5964613054:g:ExwAAOSwqNdeYM-a,23.49
29,Mens 3/4 Shorts Gym Workout Running Sport Sweat Shorts Jogger Striped Mesh Pants,15.99,0.50,https://www.ebay.com/itm/383486964670?hash=item59499ab3be:g:1mAAAOSwXlZgws3D,16.490000000000002
30,Men's Casual Cotton Shorts Athletic Jogger Gym Workout Training Sport Half Pants,16.99,0.50,https://www.ebay.com/itm/384213322534?hash=item5974e60b26:g:8TYAAOSwk1BgwOYZ,17.49
31,Mens Casual Work Cargo Shorts Quick Dry Outdoor Hiking 7 Pocket 3/4 Capri Shorts,22.99,0.50,https://www.ebay.com/itm/383561705997?hash=item594e0f2a0d:g:ihgAAOSwT6hg-jha,23.49
32,Nike Shorts Football Training Gym Sport Dri Fit Park Youth and Adult sizes,19.55,25.1,https://www.ebay.com/itm/333870532552?hash=item4dbc3c07c8:g:ebcAAOSwgx9gEWfZ,44.650000000000006
33,Men Gym Wear Fitness Training MMA Compression Shorts Men Dry Fit Running Workout,9.76,0,https://www.ebay.com/itm/384174000316?hash=item59728e08bc:g:iAgAAOSwrDtgpUu3,9.76
34,PUMA Men's LARGE Mesh Inner Shiny Look Black Swimming Shorts 40132-ES,1.38,9.75,https://www.ebay.com/itm/353575505817?hash=item5252be0f99:g:1UEAAOSwqIFg7-cX,11.129999999999999
35,HOLLISTER MENS S SMALL  W30-32 BLUE CHINO CHINO CASUAL SHORTS,1.38,25.1,https://www.ebay.com/itm/234105836358?hash=item3681cb9346:g:ITsAAOSw2V5g~x0p,26.48
36,Mens 3/4 Cotton Capri Pants Joggers Gym Workout Running Casual Below Knee Shorts,20.99,0.50,https://www.ebay.com/itm/383446569858?hash=item5947325382:g:oLsAAOSw7lhg3S4W,21.49
37,Men's Satin Boxer Loose Shorts Panties Lounge Sports Homewear Swim Trunks M,0.25,11.9,https://www.ebay.com/itm/334094383452?hash=item4dc993b95c:g:cUUAAOSwnj5grJoJ,12.15
38,New Men Running Shorts with Phone Pockets 2 In 1 Sports Pants Jogging Quick Dry ,14.87,0,https://www.ebay.com/itm/254974687095?_trkparms=ispr%3D1&hash=item3b5dacf777:g:SQIAAOSwBTBg7VMF&amdata=enc%3AAQAGAAACkPYe5NmHp%252B2JMhMi7yxGiTJkPrKr5t53CooMSQt2orsSg3Ye8yTWgOW7pmE1t838dv04mVzuEDj7Ds%252B2lpBfw%252FrNv2OMG%252FN5xvpz%252FFqE0skz%252BSA2Dx4QiBD3K9YEM5sFInWCcIC3ggl4EBV%252BVTmJ7JftfgHZYt6iOko80bP6ksVxHPulD2GTxjipnACXNTV8cUgUSo0RIXU6O%252BjR%252FI0HJaybwWIfEVNVBFdlG8H53qNDp0lll96H6FAqAtKQGgfEOQWDMhfhzC3c6jLEgvepVJpsa1hEK2z%252B3K9Hczzpby9YF7wAm8WcEkOAcgqvIoODJT4d86%252Bk5nLiLAOfx6XYdTMeIIu0AO%252FTfzEH9%252BInBWHb4tnhAUAfvP1tPXGN8VIr54WrSOx23dcgkKCwedwB5mDVmVtOacChOvGB0N68XphfND79H5zYhbf%252BreS2CDGkdP9bamIlVNn05vfQSBdxBfeKqc3PBf%252FCefvsGAV%252FTXJBM6fy%252FoIC0zKh2czgPQIpjWU7kSUH06rU8tjcatWDPj2KI28vcfKIrfeSCg2ZsgpIzZ37s2Ek3m7PLPKspPRZV4YWITybXMPZBF5YdqOMAyA45psEgpVjjUFOeFEg3vDvTEkH2HKe1thsZtSHaBrXPrDgeGA%252BTnZUqpJHyC6%252BwgC7O44f2nMaTkR7jXoV56O8Daw9tK7QifnTE0%252BJ%252BNpxxwlpo3Cp5qoIbEVeHneZfO1ABNuIglLMX8eyp1n0XzTOGYb%252BC9ProgioYkTM60KK58G6EQzyJ5wUuuI2PcyUGS7j%252BPyDc50QGNDyGQ36JuIVaVK%252BrS8zq0qD1N9xFvY%252F6MMBQCx22J4vLQWx9zyP6DUjYl%252FNCSUDawTYB45%252FyLtl%7Campid%3APL_CLK%7Cclp%3A2334524,14.87
39,"Greg Norman Men's Waistband Flat Cargo Stretch Shorts (Beige, Size 30)",15.96,29.2,https://www.ebay.com/itm/363310436731?epid=22039376513&_trkparms=ispr%3D1&hash=item5496fd517b:g:LlMAAOSw1EFgPt3l&amdata=enc%3AAQAGAAACkPYe5NmHp%252B2JMhMi7yxGiTJkPrKr5t53CooMSQt2orsS5%252FLJbfonbQUYd49AU1AJY09pD5Rg8NMk8bPHgq010q5VZK0LBsb1KrzYmAJZhksnv1WInSeCQHXTAG8%252BykE%252FGKUTN%252FRuKfDT9Pk3za1ChVSlPtcKX%252BE8bbRtXCdtnXQJ65hTrVe2TJ4G%252F1IBukyugQjOYkj0eQXk9QyTdcVe0kmK6iPHApU4ICYNSeJhL%252F2k3TkBLP6XCvLpPIfgcNYA4LV1rSzcau3f2S4bWRzUxbju95pOtEA4WAYXWzaWPAGMP%252BXtFfG5zn7dXnnRO3rYmdf8pDtJSQT2anvnSgQMcAh5P7iJBJDgaIdHSZNHJZGvHVIcciD4qNH8O55tY1L%252BEh0J5YL66zeLCQ9%252BdJ3BiHDoAd5KISDMyksXfVL3HXEDqiGh%252BfCGX47zzqGkzyIoZT5QZeyR4p%252Bda18gyD5rolSEWhUR19jlf%252FgY0feD%252FOTfop8u4HqNvxCcv3cq4fdDZ3r0hKQvaTJvhtRuVrZ7fipgPIK2oWzXVWl0WSKINk0T5BbRrooniMvpvWxoPX%252Fosf62Mo%252B03rVuWvBVsWh6hS7yUrfnpzaLMeZsVllzevxtesD70HgLd0Q91bFmiZy3js7FJo904YA05HC1vmwf3jjXKS3YiMP%252BgVT%252F%252BH8CkbQGqOLrFJt2D5yR5PMFAKsoVj3pnHMTnjowCdTVn9nGUuuaz1ugXsktBixuvsVuU%252FPkIHOjCIJ4HjELchE8umbvb4%252FBofTX1p2Eav1hwn0vT9NORk26SzFU8ykP3V%252Bs1Lilc1atmqe%252BO85DAMrL4YgxzQqdsCVVWMcMIm6CtVvSFv2VZ3TIGfK1GVcX359YWZMf%7Campid%3APL_CLK%7Cclp%3A2334524,45.16
40,Summer Men's Lightweight Casual Quick Drying Shorts Gym Workout Mesh Sweatshorts,16.99,1.00,https://www.ebay.com/itm/383574236385?hash=item594ece5ce1:g:I9wAAOSw85hgq1Yt,17.99
41,2021 Camo Running Shorts Men 2 In 1 Double-deck GYM Sport Fitness Workout Shorts,13.99,1.99,https://www.ebay.com/itm/304086487788?hash=item46ccf792ec:g:5qIAAOSwJythA8dH,15.98
42,Men's 3/4 Jogger Pants Gym Fitness Bodybuilding Athletic Fit Casual Sweat Shorts,21.99,0.50,https://www.ebay.com/itm/384301856952?hash=item597a2cf8b8:g:9J0AAOSwyyxgZi3R,22.49
43,Men's Fast Dry Basketball Shorts Joggers Athletic Gym Running Sport Casual Pants,20.99,0.50,https://www.ebay.com/itm/384301858044?hash=item597a2cfcfc:g:NjkAAOSwo99gCFSP,21.49
44,Mens Fitness Sports Shorts Jogger Running Workout Sweat Pants Capri Trousers US,20.79,0,https://www.ebay.com/itm/403029042209?hash=item5dd6672421:g:kN8AAOSwsChe0MOO,20.79
45,Men's Casual Short Pants Cotton Gym Fitness Jogging Running Sports Cargo Shorts,15.78,0,https://www.ebay.com/itm/403029588500?hash=item5dd66f7a14:g:GTMAAOSwDHBhA1qh,15.78
46,HOLLISTER MENS S SMALL  W29-32 MILITARY CAMOUFLAGE COMBAT CARGO CASUAL SHORTS,1.38,25.1,https://www.ebay.com/itm/334090908086?hash=item4dc95eb1b6:g:L1sAAOSw6LJg~x4a,26.48
47,100%Latex Shorts Rubber Swimwear Transparent Lace Cosplay Club Boxer 0.4mm S-XXL,6.30,11.9,https://www.ebay.com/itm/393473056209?hash=item5b9cd25dd1:g:NhEAAOSwlK1fTGJh,18.2
48,Mens Print 2 in 1 Quick Dry Shorts Sports Bodybuilding Workout Fitness Pants New,17.99,0,https://www.ebay.com/itm/265246450277?hash=item3dc1eba265:g:scYAAOSwJm9hAtoJ,17.99
49,Men's Athletic Shorts Gym Workout Shorts Casual Breathable Shorts Running Sport,11.95,2.99,https://www.ebay.com/itm/144132145005?hash=item218ef1ff6d:g:uCIAAOSw4TZhAfgJ,14.94
50,Hurley Exist Collection Lightweight Sport Shorts Quarry Gray Men's Sz XL,40.00,20.9,https://www.ebay.com/itm/174865357051?epid=7048172710&hash=item28b6c998fb:g:NdsAAOSwKJVhA~iE,60.9
51,"Men's Polo Golf Ralph Lauren Chino Shorts Black Size 32 7.5"" Inseam EUC",24.89,18.3,https://www.ebay.com/itm/304085370744?hash=item46cce68778:g:c2cAAOSw3mdhADsG,43.19
52,UNDER ARMOUR Mens CANADA Logo Red Athletic Shorts 1278798-600 Size L (W34-36),26.00,6.00,https://www.ebay.com/itm/224552779568?hash=item3448637f30:g:ovkAAOSwJn1fFFJG,32.0
53,Men's Shorts Running Shorts Casual Sports Elastic waist Trunks Fitness,12.32,0,https://www.ebay.com/itm/144132004031?hash=item218eefd8bf:g:c3gAAOSwjNphAz9J,12.32
54,#M Men Causal Lounge Beachwear Boxer Shorts Satin Swim Sports Panties Sleepwear ,0.20,13.9,https://www.ebay.com/itm/334094585480?hash=item4dc996ce88:g:vQ0AAOSwdwhggkQQ,14.1
55,BEN SHERMAN MENS XL W36 TOP DESIGNER LONG CASUAL SHORTS,1.38,25.1,https://www.ebay.com/itm/234105861517?hash=item3681cbf58d:g:tEEAAOSwUspg~yFZ,26.48
56,SUPERDRY MENS M MEDIUM W30-32 RED SWIMMING CASUAL SHORTS TRUNKS,1.38,25.1,https://www.ebay.com/itm/334090911926?hash=item4dc95ec0b6:g:uFMAAOSwUspg~yUV,26.48
57,BELLFIELD MENS M MEDIUM W36 TOP DESIGNER GREY CASUAL SHORTS,1.38,25.1,https://www.ebay.com/itm/334090918803?hash=item4dc95edb93:g:4AEAAOSwm-1g~yB9,26.48
58,TE MOTAIN WLF WVES PCK Te Sirt T S,0.99,0,https://www.ebay.com/itm/184971631738?hash=item2b112b1c7a:g:EAYAAOSwZ3FhA8C-,0.99
59,MENS SWIMMING SHORTS MESH LINED RUNNING SPORT GYM SUMMER POOL BEACH SWIM TRUNKS,11.17,22.3,https://www.ebay.com/itm/222946011813?_trkparms=ispr%3D1&hash=item33e89e2aa5:g:e5oAAOSwGMJa4FOA&amdata=enc%3AAQAGAAACkPYe5NmHp%252B2JMhMi7yxGiTJkPrKr5t53CooMSQt2orsSvtkx670Z0mbyfWqmxLFLYeCZbrKSC2Ddw0%252Fmpc26uKq%252FXCxZ9DkZuNu2f4kgOKBEDALC6OVxuXYzoU0KA0mjxR67G6dJcxG2hc%252Be0gBR%252FElAyvS3f4gda%252F9Kgg%252BHrirULfNMGOVGBMpngtSZVJ0RVetK%252FjHe6joU1kWmV51i2yTUVPZTDVPQzvX8JSroVeUh8nCfy1DfypIuB2BB5hp%252F9rmElQQUyep13m%252BPCH4ovlylkRkRt6MTtD8FGegZ5zkpeqrMPA5MsH%252FZpfz8mdGDIURITO4LkJIIM0He1z44TpfkGN%252F%252FZ3CKYNd99GMPGPHH9gnk98I71nVO%252Fca52FR%252BoeJGJ7CrPJr9dXGKsDlKqqR%252FNZg%252FDUu1Trj2D84TrozP%252FauRYzilC0MR4aJmaLNK3f%252F7NEdIlo6ooUSA3ISEmfPHcC5aNOhv8odHpaxbvSpllo8zAFjEUPczB0CB0csLW%252BVLYfXxCyq2136r3GbgzEj5N1tJCnJxr3ryHKIKItmL8UeC67uVfd7n8hhtt8OU6hQbZbuV2OmJHQEtQ3PkGy5VMu3cqnIVwPBLa8wer7%252BA6bqy8FR8ljz4bZPqvHUFG3qBjEbrxB8ynJ6C7aX8GOEpeBC%252BgYTQ%252BL7IFvZtwu5xzU4Kv1wr12eS1X3a%252FdZNJi88Cwyy2upRHhu%252BbEez0jcmNcsygjzOhhZ4SNpoHXDU%252Bg2ctWFx4tcwfZlrTFQ08dOhMcFYyxGezrt4SHVAqRje4MhNQDyjUZSvLPvCdV%252FWtUa7bJ7s5GLAyeEZVqh%252B2t%252FknJmpicyB3pAwm61jsnXoJoxLP9A65CJkK43pqRYs%7Campid%3APL_CLK%7Cclp%3A2334524,33.47
60,Fitness Shorts Half Half Pants Men Men's Pants Running Shorts Sports Casual,12.70,0,https://www.ebay.com/itm/203540326372?_trkparms=ispr%3D1&hash=item2f63f2e7e4:g:VDgAAOSwUvphAyn8&amdata=enc%3AAQAGAAACkPYe5NmHp%252B2JMhMi7yxGiTJkPrKr5t53CooMSQt2orsSjVt3vLKCbov98Z19qhuwYzwH%252BIVm2f4X9olvihc8%252BXKiVElL40Lh3wVa%252FWTqutH%252F81WiyU1f%252F5itNJcoHZqYqVgRD8mjGeddzMYUuApKGwEAwnKge57kD6fwp2iNlD4ZmSMP2x5gbHZsDFjk4NWteWoNCLFgxaPN8ev5Ck16XMW4vSQFWZXxo8dNH7J%252BGqTEIoJqwXyi74PcST6puDPTSl9HKt5DHiC9vKWjDP69AZjyD7CIqGGKgW4i6PLPQOuhhNiOvkgurIf%252FNzapvJVmr%252FTXNCoI18RhhgNYyyatysij6jWJy3JdRFqnOMfPIY0IbxW8Q87sMNTG%252FymukSKipdmEttayyaHpA7r1j9zPGTPtb5igWLehk8iS9MwvK5WF07%252BR0B9SJ9CqU6ipYjx1OVAxZ60chveqGCxuujwNrszSgA23t%252BoTzt1rtvGdcm5xbDzv2GFS1RVjY5TbapHGx8ta6hQToclYi4XiFfI%252BGV6S6%252B9ggG3zOqrNYmAEcQtINGR3WFfOdgwAlRpICLJbPdpIpUpDHbQrdlUPQq5QR28EIsy3L0k63iNu6rfNle93dZUbPuXxycgvNrmGbAA9ouWY1IGPiGHbTlt3LDvREH7g2R2Nuf%252FDpkogzyTKj2yjss5vzB2znMKo7EFfU1Sxcb246tsPG6LmT%252BQT%252FKlmXdXd%252BfNzgPnA4EoRX64GiSoVks%252BgMGYx%252FTFzC2Xx3wxoXquwcBYH16xN%252BjxR93rM6%252ByGKVvev%252BsVdmqzhxJYcqtxLHF%252BQh%252BgPSwm20MKNnWnl7UNgm6e6ZJ1HiVy46keyXYQAyPGqESYZ18a6N%252Biu61H%7Campid%3APL_CLK%7Cclp%3A2334524,12.7
